"DESCRIPTION","DURATION IN MS","NAME","PARENT SUITE","START TIME","STATUS","STOP TIME","SUB SUITE","SUITE","TEST CLASS","TEST METHOD"
"Проверка перехода в историю заказов","1996","Навигация в историю заказов","tests","Sun Jul 20 22:10:03 MSK 2025","passed","Sun Jul 20 22:10:05 MSK 2025","TestPasswordRecovery","test_password_recovery","",""
"Проверка доступности страницы восстановления пароля","439","Открытие страницы восстановления пароля","tests","Sun Jul 20 22:08:25 MSK 2025","passed","Sun Jul 20 22:08:25 MSK 2025","TestPasswordRecovery","test_password_recovery","",""
"Проверка отображения модального окна при клике на ингредиент","1946","Открытие деталей ингредиента","tests","Sun Jul 20 22:02:47 MSK 2025","passed","Sun Jul 20 22:02:48 MSK 2025","TestMainPage","test_main_page","",""
"Проверка перехода в раздел 'Конструктор' из других страниц","715","Переход в конструктор","tests","Sun Jul 20 22:02:14 MSK 2025","passed","Sun Jul 20 22:02:14 MSK 2025","TestMainPage","test_main_page","",""
"Проверка функционала выхода из учетной записи","946","Выход из аккаунта","tests","Sun Jul 20 22:10:32 MSK 2025","passed","Sun Jul 20 22:10:33 MSK 2025","TestPasswordRecovery","test_password_recovery","",""
"Проверка отправки формы с валидным email","1487","Отправка формы восстановления пароля","tests","Sun Jul 20 22:08:47 MSK 2025","passed","Sun Jul 20 22:08:48 MSK 2025","TestPasswordRecovery","test_password_recovery","",""
"Проверка доступности страницы восстановления пароля","568","Открытие страницы восстановления пароля","tests","Sun Jul 20 22:08:38 MSK 2025","passed","Sun Jul 20 22:08:39 MSK 2025","TestPasswordRecovery","test_password_recovery","",""
"Проверка закрытия модального окна по крестику","1163","Закрытие модального окна ингредиента","tests","Sun Jul 20 22:03:26 MSK 2025","passed","Sun Jul 20 22:03:27 MSK 2025","TestMainPage","test_main_page","",""
"Проверка перехода по клику на 'Лента заказов' в хедере","253","Переход в ленту заказов","tests","Sun Jul 20 22:02:23 MSK 2025","passed","Sun Jul 20 22:02:24 MSK 2025","TestMainPage","test_main_page","",""
"Проверка увеличения счетчика при добавлении ингредиента","3000","Счетчик ингредиентов","tests","Sun Jul 20 22:03:35 MSK 2025","passed","Sun Jul 20 22:03:38 MSK 2025","TestMainPage","test_main_page","",""
"Проверка увеличения счетчика при добавлении ингредиента","301","Счетчик ингредиентов","tests","Sun Jul 20 22:03:52 MSK 2025","passed","Sun Jul 20 22:03:52 MSK 2025","TestMainPage","test_main_page","",""
"При создании нового заказа счетчик 'Выполнено за сегодня' должен увеличиваться","16411","Увеличение счетчика 'Сегодня заказов'","tests","Sun Jul 20 22:07:15 MSK 2025","passed","Sun Jul 20 22:07:32 MSK 2025","TestOrderFeed","test_order_feed","",""
"Проверка отправки формы с валидным email","1507","Отправка формы восстановления пароля","tests","Sun Jul 20 22:09:01 MSK 2025","passed","Sun Jul 20 22:09:03 MSK 2025","TestPasswordRecovery","test_password_recovery","",""
"Проверка перехода в личный кабинет","249","Доступ к личному кабинету","tests","Sun Jul 20 22:09:39 MSK 2025","passed","Sun Jul 20 22:09:39 MSK 2025","TestPasswordRecovery","test_password_recovery","",""
"При клике на заказ в ленте должно открываться окно с деталями","3112","Отображение деталей заказа при клике","tests","Sun Jul 20 22:04:29 MSK 2025","passed","Sun Jul 20 22:04:32 MSK 2025","TestOrderFeed","test_order_feed","",""
"При клике на заказ в ленте должно открываться окно с деталями","3314","Отображение деталей заказа при клике","tests","Sun Jul 20 22:04:48 MSK 2025","passed","Sun Jul 20 22:04:52 MSK 2025","TestOrderFeed","test_order_feed","",""
"При создании нового заказа счетчик 'Выполнено за сегодня' должен увеличиваться","13658","Увеличение счетчика 'Сегодня заказов'","tests","Sun Jul 20 22:06:45 MSK 2025","passed","Sun Jul 20 22:06:58 MSK 2025","TestOrderFeed","test_order_feed","",""
"Заказ должен отображаться одновременно в ленте и истории заказов","16223","Совпадение заказов в ленте и истории","tests","Sun Jul 20 22:05:34 MSK 2025","passed","Sun Jul 20 22:05:50 MSK 2025","TestOrderFeed","test_order_feed","",""
"Проверка работы иконки отображения пароля","5064","Переключение видимости пароля","tests","Sun Jul 20 22:09:26 MSK 2025","passed","Sun Jul 20 22:09:31 MSK 2025","TestPasswordRecovery","test_password_recovery","",""
"Заказ должен отображаться одновременно в ленте и истории заказов","14640","Совпадение заказов в ленте и истории","tests","Sun Jul 20 22:05:04 MSK 2025","passed","Sun Jul 20 22:05:18 MSK 2025","TestOrderFeed","test_order_feed","",""
"Проверка закрытия модального окна по крестику","1038","Закрытие модального окна ингредиента","tests","Sun Jul 20 22:03:11 MSK 2025","passed","Sun Jul 20 22:03:12 MSK 2025","TestMainPage","test_main_page","",""
"Проверка оформления заказа после авторизации","441","Создание заказа авторизованным пользователем","tests","Sun Jul 20 22:04:18 MSK 2025","passed","Sun Jul 20 22:04:19 MSK 2025","TestMainPage","test_main_page","",""
"Проверка оформления заказа после авторизации","3072","Создание заказа авторизованным пользователем","tests","Sun Jul 20 22:04:01 MSK 2025","passed","Sun Jul 20 22:04:04 MSK 2025","TestMainPage","test_main_page","",""
"При создании нового заказа счетчик 'Выполнено за все время' должен увеличиваться","11901","Увеличение счетчика 'Всего заказов'","tests","Sun Jul 20 22:06:24 MSK 2025","passed","Sun Jul 20 22:06:36 MSK 2025","TestOrderFeed","test_order_feed","",""
"Проверка перехода по клику на 'Лента заказов' в хедере","350","Переход в ленту заказов","tests","Sun Jul 20 22:02:39 MSK 2025","passed","Sun Jul 20 22:02:39 MSK 2025","TestMainPage","test_main_page","",""
"Проверка работы иконки отображения пароля","2311","Переключение видимости пароля","tests","Sun Jul 20 22:09:11 MSK 2025","passed","Sun Jul 20 22:09:13 MSK 2025","TestPasswordRecovery","test_password_recovery","",""
"Проверка перехода в личный кабинет","128","Доступ к личному кабинету","tests","Sun Jul 20 22:09:53 MSK 2025","passed","Sun Jul 20 22:09:53 MSK 2025","TestPasswordRecovery","test_password_recovery","",""
"Новый заказ должен отображаться в разделе 'В работе' ленты заказов","10088","Отображение заказа в разделе 'В работе'","tests","Sun Jul 20 22:07:42 MSK 2025","passed","Sun Jul 20 22:07:52 MSK 2025","TestOrderFeed","test_order_feed","",""
"При создании нового заказа счетчик 'Выполнено за все время' должен увеличиваться","10234","Увеличение счетчика 'Всего заказов'","tests","Sun Jul 20 22:05:59 MSK 2025","passed","Sun Jul 20 22:06:10 MSK 2025","TestOrderFeed","test_order_feed","",""
"Новый заказ должен отображаться в разделе 'В работе' ленты заказов","10271","Отображение заказа в разделе 'В работе'","tests","Sun Jul 20 22:08:07 MSK 2025","passed","Sun Jul 20 22:08:17 MSK 2025","TestOrderFeed","test_order_feed","",""
"Проверка перехода в историю заказов","1712","Навигация в историю заказов","tests","Sun Jul 20 22:10:21 MSK 2025","passed","Sun Jul 20 22:10:22 MSK 2025","TestPasswordRecovery","test_password_recovery","",""
"Проверка функционала выхода из учетной записи","649","Выход из аккаунта","tests","Sun Jul 20 22:10:47 MSK 2025","passed","Sun Jul 20 22:10:48 MSK 2025","TestPasswordRecovery","test_password_recovery","",""
"Проверка перехода в раздел 'Конструктор' из других страниц","480","Переход в конструктор","tests","Sun Jul 20 22:01:59 MSK 2025","passed","Sun Jul 20 22:01:59 MSK 2025","TestMainPage","test_main_page","",""
"Проверка отображения модального окна при клике на ингредиент","382","Открытие деталей ингредиента","tests","Sun Jul 20 22:03:02 MSK 2025","passed","Sun Jul 20 22:03:03 MSK 2025","TestMainPage","test_main_page","",""
